{"cameraMode":{"drawMode":0,"name":"Shaded","section":"Shading Mode"},"sceneLighting":true,"audioPlay":false,"sceneViewState":{"m_AlwaysRefresh":false,"showFog":true,"showSkybox":true,"showFlares":true,"showImageEffects":true,"showParticleSystems":true,"showVisualEffectGraphs":true,"m_FxEnabled":true},"in2DMode":false,"pivot":{"x":212.77650451660157,"y":-320.1868896484375,"z":1589.4815673828125},"rotation":{"x":0.10760181397199631,"y":0.0599261112511158,"z":-0.006493296939879656,"w":0.9923582077026367},"size":1040.2315673828125,"orthographic":false}